,eventID,account_admin,account_dcadmin,account_hacked,account_user101,account_user103,process_c:\windows\system32\hostname.exe,process_c:\windows\system32\ipconfig.exe,process_c:\windows\system32\netsh.exe,process_c:\windows\system32\netstat.exe,process_c:\windows\system32\ping.exe,process_c:\windows\system32\services.exe,process_c:\windows\system32\wbem\wmic.exe,process_c:\windows\system32\wbem\wmiprvse.exe,objectname_psexesvc,target_outlier,target_test,target_train
1,4674,0,0,1,0,0,0,0,0,0,0,1,0,0,1,1,0,0
4823,4674,0,0,0,0,1,1,0,0,0,0,0,0,0,0,0,0,1
4824,4674,0,0,0,0,1,1,0,0,0,0,0,0,0,0,0,0,1
9290,4674,1,0,0,0,0,0,0,0,0,0,1,0,0,1,1,0,0
9295,4674,1,0,0,0,0,0,0,0,0,0,1,0,0,1,1,0,0
9305,4674,0,0,0,1,0,1,0,0,0,0,0,0,0,0,1,0,0
9306,4674,0,0,0,1,0,1,0,0,0,0,0,0,0,0,1,0,0
9308,4674,0,0,0,1,0,1,0,0,0,0,0,0,0,0,1,0,0
9309,4674,0,0,0,1,0,1,0,0,0,0,0,0,0,0,1,0,0
9315,4674,0,0,0,1,0,0,1,0,0,0,0,0,0,0,1,0,0
9316,4674,0,0,0,1,0,0,1,0,0,0,0,0,0,0,1,0,0
9318,4674,0,0,0,1,0,0,1,0,0,0,0,0,0,0,1,0,0
9319,4674,0,0,0,1,0,0,1,0,0,0,0,0,0,0,1,0,0
9321,4674,0,0,0,1,0,0,0,0,0,0,0,0,1,0,1,0,0
9322,4674,0,0,0,1,0,0,0,0,0,0,0,0,1,0,1,0,0
9324,4674,0,0,0,1,0,0,0,0,0,0,0,0,1,0,1,0,0
9325,4674,0,0,0,1,0,0,0,0,0,0,0,0,1,0,1,0,0
9328,4674,0,0,0,1,0,0,0,0,0,0,0,0,1,0,1,0,0
9329,4674,0,0,0,1,0,0,0,0,0,0,0,0,1,0,1,0,0
9330,4674,0,0,0,1,0,0,0,0,0,0,0,0,1,0,1,0,0
9331,4674,0,0,0,1,0,0,0,0,0,0,0,0,1,0,1,0,0
9332,4674,0,0,0,1,0,0,0,0,0,0,0,0,1,0,1,0,0
9333,4674,0,0,0,1,0,0,0,0,0,0,0,0,1,0,1,0,0
9334,4674,0,0,0,1,0,0,0,0,0,0,0,0,1,0,1,0,0
9335,4674,0,0,0,1,0,0,0,0,0,0,0,0,1,0,1,0,0
9336,4674,0,0,0,1,0,0,0,0,0,0,0,0,1,0,1,0,0
9337,4674,0,0,0,1,0,0,0,0,0,0,0,0,1,0,1,0,0
9338,4674,0,0,0,1,0,0,0,0,0,0,0,0,1,0,1,0,0
9339,4674,0,0,0,1,0,0,0,0,0,0,0,0,1,0,1,0,0
9340,4674,0,0,0,1,0,0,0,0,0,0,0,0,1,0,1,0,0
9341,4674,0,0,0,1,0,0,0,0,0,0,0,0,1,0,1,0,0
9342,4674,0,0,0,1,0,0,0,0,0,0,0,0,1,0,1,0,0
9343,4674,0,0,0,1,0,0,0,0,0,0,0,0,1,0,1,0,0
9344,4674,0,0,0,1,0,0,0,0,0,0,0,0,1,0,1,0,0
9345,4674,0,0,0,1,0,0,0,0,0,0,0,0,1,0,1,0,0
9346,4674,0,0,0,1,0,0,0,0,0,0,0,0,1,0,1,0,0
9347,4674,0,0,0,1,0,0,0,0,0,0,0,0,1,0,1,0,0
9348,4674,0,0,0,1,0,0,0,0,0,0,0,0,1,0,1,0,0
9349,4674,0,0,0,1,0,0,0,0,0,0,0,0,1,0,1,0,0
9350,4674,0,0,0,1,0,0,0,0,0,0,0,0,1,0,1,0,0
9351,4674,0,0,0,1,0,0,0,0,0,0,0,0,1,0,1,0,0
9352,4674,0,0,0,1,0,0,0,0,0,0,0,0,1,0,1,0,0
9353,4674,0,0,0,1,0,0,0,0,0,0,0,0,1,0,1,0,0
9357,4674,0,0,0,1,0,0,0,0,0,0,0,1,0,0,1,0,0
9358,4674,0,0,0,1,0,0,0,0,0,0,0,1,0,0,1,0,0
9360,4674,0,0,0,1,0,0,0,0,0,0,0,1,0,0,1,0,0
9361,4674,0,0,0,1,0,0,0,0,0,0,0,1,0,0,1,0,0
9424,4674,1,0,0,0,0,0,0,0,0,0,1,0,0,1,1,0,0
9429,4674,1,0,0,0,0,0,0,0,0,0,1,0,0,1,1,0,0
9443,4674,0,0,0,1,0,0,1,0,0,0,0,0,0,0,1,0,0
9444,4674,0,0,0,1,0,0,1,0,0,0,0,0,0,0,1,0,0
9446,4674,0,0,0,1,0,0,1,0,0,0,0,0,0,0,1,0,0
9447,4674,0,0,0,1,0,0,1,0,0,0,0,0,0,0,1,0,0
9449,4674,0,0,0,1,0,0,0,0,0,0,0,0,1,0,1,0,0
9450,4674,0,0,0,1,0,0,0,0,0,0,0,0,1,0,1,0,0
9452,4674,0,0,0,1,0,0,0,0,0,0,0,0,1,0,1,0,0
9453,4674,0,0,0,1,0,0,0,0,0,0,0,0,1,0,1,0,0
9456,4674,0,0,0,1,0,0,0,0,0,0,0,0,1,0,1,0,0
9457,4674,0,0,0,1,0,0,0,0,0,0,0,0,1,0,1,0,0
9458,4674,0,0,0,1,0,0,0,0,0,0,0,0,1,0,1,0,0
9459,4674,0,0,0,1,0,0,0,0,0,0,0,0,1,0,1,0,0
9460,4674,0,0,0,1,0,0,0,0,0,0,0,0,1,0,1,0,0
9461,4674,0,0,0,1,0,0,0,0,0,0,0,0,1,0,1,0,0
9462,4674,0,0,0,1,0,0,0,0,0,0,0,0,1,0,1,0,0
9463,4674,0,0,0,1,0,0,0,0,0,0,0,0,1,0,1,0,0
9464,4674,0,0,0,1,0,0,0,0,0,0,0,0,1,0,1,0,0
9465,4674,0,0,0,1,0,0,0,0,0,0,0,0,1,0,1,0,0
9466,4674,0,0,0,1,0,0,0,0,0,0,0,0,1,0,1,0,0
9467,4674,0,0,0,1,0,0,0,0,0,0,0,0,1,0,1,0,0
9468,4674,0,0,0,1,0,0,0,0,0,0,0,0,1,0,1,0,0
9469,4674,0,0,0,1,0,0,0,0,0,0,0,0,1,0,1,0,0
9470,4674,0,0,0,1,0,0,0,0,0,0,0,0,1,0,1,0,0
9471,4674,0,0,0,1,0,0,0,0,0,0,0,0,1,0,1,0,0
9472,4674,0,0,0,1,0,0,0,0,0,0,0,0,1,0,1,0,0
9473,4674,0,0,0,1,0,0,0,0,0,0,0,0,1,0,1,0,0
9474,4674,0,0,0,1,0,0,0,0,0,0,0,0,1,0,1,0,0
9475,4674,0,0,0,1,0,0,0,0,0,0,0,0,1,0,1,0,0
9476,4674,0,0,0,1,0,0,0,0,0,0,0,0,1,0,1,0,0
9477,4674,0,0,0,1,0,0,0,0,0,0,0,0,1,0,1,0,0
9478,4674,0,0,0,1,0,0,0,0,0,0,0,0,1,0,1,0,0
9479,4674,0,0,0,1,0,0,0,0,0,0,0,0,1,0,1,0,0
9480,4674,0,0,0,1,0,0,0,0,0,0,0,0,1,0,1,0,0
9481,4674,0,0,0,1,0,0,0,0,0,0,0,0,1,0,1,0,0
9485,4674,0,0,0,1,0,0,0,0,0,0,0,1,0,0,1,0,0
9486,4674,0,0,0,1,0,0,0,0,0,0,0,1,0,0,1,0,0
9488,4674,0,0,0,1,0,0,0,0,0,0,0,1,0,0,1,0,0
9489,4674,0,0,0,1,0,0,0,0,0,0,0,1,0,0,1,0,0
9503,4674,0,0,0,1,0,0,0,0,1,0,0,0,0,0,1,0,0
9504,4674,0,0,0,1,0,0,0,0,1,0,0,0,0,0,1,0,0
9505,4674,0,0,0,1,0,0,0,0,1,0,0,0,0,0,1,0,0
9506,4674,0,0,0,1,0,0,0,0,1,0,0,0,0,0,1,0,0
9508,4674,0,0,0,1,0,0,0,0,1,0,0,0,0,0,1,0,0
9509,4674,0,0,0,1,0,0,0,0,1,0,0,0,0,0,1,0,0
9510,4674,0,0,0,1,0,0,0,0,1,0,0,0,0,0,1,0,0
9511,4674,0,0,0,1,0,0,0,0,1,0,0,0,0,0,1,0,0
9513,4674,0,0,0,1,0,1,0,0,0,0,0,0,0,0,1,0,0
9514,4674,0,0,0,1,0,1,0,0,0,0,0,0,0,0,1,0,0
9516,4674,0,0,0,1,0,1,0,0,0,0,0,0,0,0,1,0,0
9517,4674,0,0,0,1,0,1,0,0,0,0,0,0,0,0,1,0,0
9626,4674,0,1,0,0,0,0,0,0,0,0,1,0,0,1,1,0,0
9631,4674,0,1,0,0,0,0,0,0,0,0,1,0,0,1,1,0,0
9635,4674,0,1,0,0,0,0,1,0,0,0,0,0,0,0,1,0,0
9636,4674,0,1,0,0,0,0,1,0,0,0,0,0,0,0,1,0,0
9638,4674,0,1,0,0,0,0,1,0,0,0,0,0,0,0,1,0,0
9639,4674,0,1,0,0,0,0,1,0,0,0,0,0,0,0,1,0,0
9643,4674,0,1,0,0,0,0,0,0,0,0,0,0,1,0,1,0,0
9644,4674,0,1,0,0,0,0,0,0,0,0,0,0,1,0,1,0,0
9646,4674,0,1,0,0,0,0,0,0,0,0,0,0,1,0,1,0,0
9647,4674,0,1,0,0,0,0,0,0,0,0,0,0,1,0,1,0,0
9648,4674,0,1,0,0,0,0,0,0,0,0,0,0,1,0,1,0,0
9649,4674,0,1,0,0,0,0,0,0,0,0,0,0,1,0,1,0,0
9650,4674,0,1,0,0,0,0,0,0,0,0,0,0,1,0,1,0,0
9651,4674,0,1,0,0,0,0,0,0,0,0,0,0,1,0,1,0,0
9652,4674,0,1,0,0,0,0,0,0,0,0,0,0,1,0,0,0,1
9653,4674,0,1,0,0,0,0,0,0,0,0,0,0,1,0,0,0,1
9654,4674,0,1,0,0,0,0,0,0,0,0,0,0,1,0,0,0,1
9655,4674,0,1,0,0,0,0,0,0,0,0,0,0,1,0,0,0,1
9656,4674,0,1,0,0,0,0,0,0,0,0,0,0,1,0,0,0,1
9657,4674,0,1,0,0,0,0,0,0,0,0,0,0,1,0,0,0,1
9658,4674,0,1,0,0,0,0,0,0,0,0,0,0,1,0,0,0,1
9659,4674,0,1,0,0,0,0,0,0,0,0,0,0,1,0,0,0,1
9662,4674,0,1,0,0,0,0,0,0,0,0,0,0,1,0,0,0,1
9663,4674,0,1,0,0,0,0,0,0,0,0,0,0,1,0,0,0,1
9664,4674,0,1,0,0,0,0,0,0,0,0,0,0,1,0,0,0,1
9665,4674,0,1,0,0,0,0,0,0,0,0,0,0,1,0,0,0,1
9666,4674,0,1,0,0,0,0,0,0,0,0,0,0,1,0,0,0,1
9667,4674,0,1,0,0,0,0,0,0,0,0,0,0,1,0,0,0,1
9668,4674,0,1,0,0,0,0,0,0,0,0,0,0,1,0,0,0,1
9669,4674,0,1,0,0,0,0,0,0,0,0,0,0,1,0,0,0,1
9670,4674,0,1,0,0,0,0,0,0,0,0,0,0,1,0,0,0,1
9671,4674,0,1,0,0,0,0,0,0,0,0,0,0,1,0,0,0,1
9672,4674,0,1,0,0,0,0,0,0,0,0,0,0,1,0,0,0,1
9673,4674,0,1,0,0,0,0,0,0,0,0,0,0,1,0,0,0,1
9674,4674,0,1,0,0,0,0,0,0,0,0,0,0,1,0,0,0,1
9675,4674,0,1,0,0,0,0,0,0,0,0,0,0,1,0,0,0,1
9701,4674,0,1,0,0,0,0,0,0,0,0,0,1,0,0,1,0,0
9702,4674,0,1,0,0,0,0,0,0,0,0,0,1,0,0,1,0,0
9704,4674,0,1,0,0,0,0,0,0,0,0,0,1,0,0,1,0,0
9705,4674,0,1,0,0,0,0,0,0,0,0,0,1,0,0,1,0,0
9723,4674,0,1,0,0,0,0,0,0,1,0,0,0,0,0,1,0,0
9724,4674,0,1,0,0,0,0,0,0,1,0,0,0,0,0,1,0,0
9725,4674,0,1,0,0,0,0,0,0,1,0,0,0,0,0,1,0,0
9726,4674,0,1,0,0,0,0,0,0,1,0,0,0,0,0,1,0,0
9728,4674,0,1,0,0,0,0,0,0,1,0,0,0,0,0,1,0,0
9729,4674,0,1,0,0,0,0,0,0,1,0,0,0,0,0,1,0,0
9730,4674,0,1,0,0,0,0,0,0,1,0,0,0,0,0,1,0,0
9731,4674,0,1,0,0,0,0,0,0,1,0,0,0,0,0,1,0,0
28180,4674,1,0,0,0,0,0,0,0,0,0,0,1,0,0,0,0,1
28181,4674,1,0,0,0,0,0,0,0,0,0,0,1,0,0,0,0,1
28224,4674,1,0,0,0,0,0,0,0,0,0,1,0,0,1,0,0,1
28233,4674,1,0,0,0,0,0,1,0,0,0,0,0,0,0,0,0,1
28234,4674,1,0,0,0,0,0,1,0,0,0,0,0,0,0,0,0,1
28240,4674,1,0,0,0,0,0,0,1,0,0,0,0,0,0,0,0,1
28241,4674,1,0,0,0,0,0,0,1,0,0,0,0,0,0,0,0,1
28242,4674,1,0,0,0,0,0,0,1,0,0,0,0,0,0,0,0,1
28243,4674,1,0,0,0,0,0,0,1,0,0,0,0,0,0,0,0,1
28244,4674,1,0,0,0,0,0,0,1,0,0,0,0,0,0,0,0,1
28245,4674,1,0,0,0,0,0,0,1,0,0,0,0,0,0,0,0,1
28247,4674,1,0,0,0,0,0,0,0,1,0,0,0,0,0,0,0,1
28248,4674,1,0,0,0,0,0,0,0,1,0,0,0,0,0,0,0,1
28249,4674,1,0,0,0,0,0,0,0,1,0,0,0,0,0,0,0,1
28250,4674,1,0,0,0,0,0,0,0,1,0,0,0,0,0,0,0,1
28252,4674,1,0,0,0,0,0,0,0,0,1,0,0,0,0,0,0,1
28253,4674,1,0,0,0,0,0,0,0,0,1,0,0,0,0,0,0,1
28287,4674,1,0,0,0,0,0,0,0,0,0,1,0,0,1,0,0,1
28293,4674,1,0,0,0,0,0,0,0,0,0,0,0,1,0,0,0,1
28294,4674,1,0,0,0,0,0,0,0,0,0,0,0,1,0,0,0,1
28295,4674,1,0,0,0,0,0,0,0,0,0,0,0,1,0,0,0,1
28296,4674,1,0,0,0,0,0,0,0,0,0,0,0,1,0,0,0,1
28297,4674,1,0,0,0,0,0,0,0,0,0,0,0,1,0,0,0,1
28298,4674,1,0,0,0,0,0,0,0,0,0,0,0,1,0,0,0,1
28299,4674,1,0,0,0,0,0,0,0,0,0,0,0,1,0,0,0,1
28300,4674,1,0,0,0,0,0,0,0,0,0,0,0,1,0,0,0,1
28302,4674,1,0,0,0,0,0,0,0,0,0,0,0,1,0,0,0,1
28303,4674,1,0,0,0,0,0,0,0,0,0,0,0,1,0,0,0,1
28304,4674,1,0,0,0,0,0,0,0,0,0,0,0,1,0,0,0,1
28305,4674,1,0,0,0,0,0,0,0,0,0,0,0,1,0,0,0,1
28306,4674,1,0,0,0,0,0,0,0,0,0,0,0,1,0,0,0,1
28307,4674,1,0,0,0,0,0,0,0,0,0,0,0,1,0,0,0,1
28308,4674,1,0,0,0,0,0,0,0,0,0,0,0,1,0,0,0,1
28320,4674,1,0,0,0,0,0,0,0,0,0,0,1,0,0,0,0,1
28321,4674,1,0,0,0,0,0,0,0,0,0,0,1,0,0,0,0,1
28340,4674,1,0,0,0,0,0,0,0,0,0,1,0,0,1,0,0,1
30610,4674,0,0,0,1,0,0,0,0,0,0,1,0,0,1,1,0,0
30618,4674,0,0,0,1,0,1,0,0,0,0,0,0,0,0,1,0,0
30619,4674,0,0,0,1,0,1,0,0,0,0,0,0,0,0,1,0,0
30623,4674,0,0,0,1,0,0,1,0,0,0,0,0,0,0,1,0,0
30624,4674,0,0,0,1,0,0,1,0,0,0,0,0,0,0,1,0,0
30626,4674,0,0,0,1,0,0,0,0,1,0,0,0,0,0,1,0,0
30627,4674,0,0,0,1,0,0,0,0,1,0,0,0,0,0,1,0,0
30628,4674,0,0,0,1,0,0,0,0,1,0,0,0,0,0,1,0,0
30629,4674,0,0,0,1,0,0,0,0,1,0,0,0,0,0,1,0,0
30633,4674,0,0,0,1,0,0,0,0,0,0,0,0,1,0,1,0,0
30634,4674,0,0,0,1,0,0,0,0,0,0,0,0,1,0,1,0,0
30636,4674,0,0,0,1,0,0,0,0,0,0,0,0,1,0,1,0,0
30637,4674,0,0,0,1,0,0,0,0,0,0,0,0,1,0,1,0,0
30638,4674,0,0,0,1,0,0,0,0,0,0,0,0,1,0,1,0,0
30639,4674,0,0,0,1,0,0,0,0,0,0,0,0,1,0,1,0,0
30640,4674,0,0,0,1,0,0,0,0,0,0,0,0,1,0,1,0,0
30641,4674,0,0,0,1,0,0,0,0,0,0,0,0,1,0,1,0,0
30642,4674,0,0,0,1,0,0,0,0,0,0,0,0,1,0,1,0,0
30643,4674,0,0,0,1,0,0,0,0,0,0,0,0,1,0,1,0,0
30644,4674,0,0,0,1,0,0,0,0,0,0,0,0,1,0,1,0,0
30645,4674,0,0,0,1,0,0,0,0,0,0,0,0,1,0,1,0,0
30646,4674,0,0,0,1,0,0,0,0,0,0,0,0,1,0,1,0,0
30647,4674,0,0,0,1,0,0,0,0,0,0,0,0,1,0,1,0,0
30648,4674,0,0,0,1,0,0,0,0,0,0,0,0,1,0,1,0,0
30652,4674,0,0,0,1,0,0,0,0,0,0,0,1,0,0,1,0,0
30653,4674,0,0,0,1,0,0,0,0,0,0,0,1,0,0,1,0,0
30669,4674,0,1,0,0,0,0,0,0,0,0,1,0,0,1,1,0,0
30748,4674,0,1,0,0,0,0,0,0,0,0,1,0,0,1,1,0,0
30752,4674,0,1,0,0,0,1,0,0,0,0,0,0,0,0,0,0,1
30753,4674,0,1,0,0,0,1,0,0,0,0,0,0,0,0,0,0,1
32093,4674,1,0,0,0,0,0,0,0,0,0,1,0,0,1,0,0,1
32097,4674,1,0,0,0,0,0,1,0,0,0,0,0,0,0,0,0,1
32098,4674,1,0,0,0,0,0,1,0,0,0,0,0,0,0,0,0,1
32100,4674,1,0,0,0,0,0,0,0,0,1,0,0,0,0,0,0,1
32101,4674,1,0,0,0,0,0,0,0,0,1,0,0,0,0,0,0,1
32223,4674,1,0,0,0,0,0,0,0,0,0,1,0,0,1,0,0,1
32228,4674,1,0,0,0,0,0,1,0,0,0,0,0,0,0,0,0,1
32229,4674,1,0,0,0,0,0,1,0,0,0,0,0,0,0,0,0,1
32231,4674,1,0,0,0,0,0,0,0,0,1,0,0,0,0,0,0,1
32232,4674,1,0,0,0,0,0,0,0,0,1,0,0,0,0,0,0,1
32383,4674,1,0,0,0,0,0,0,0,0,0,1,0,0,1,0,0,1
32390,4674,1,0,0,0,0,0,1,0,0,0,0,0,0,0,0,0,1
32391,4674,1,0,0,0,0,0,1,0,0,0,0,0,0,0,0,0,1
32393,4674,1,0,0,0,0,0,0,0,0,1,0,0,0,0,0,0,1
32394,4674,1,0,0,0,0,0,0,0,0,1,0,0,0,0,0,0,1
33631,4674,1,0,0,0,0,0,0,0,0,0,1,0,0,1,0,0,1
33635,4674,1,0,0,0,0,0,1,0,0,0,0,0,0,0,0,0,1
33636,4674,1,0,0,0,0,0,1,0,0,0,0,0,0,0,0,0,1
33638,4674,1,0,0,0,0,0,0,0,0,1,0,0,0,0,0,0,1
33639,4674,1,0,0,0,0,0,0,0,0,1,0,0,0,0,0,0,1
33757,4674,1,0,0,0,0,0,0,0,0,0,1,0,0,1,0,0,1
33764,4674,1,0,0,0,0,0,1,0,0,0,0,0,0,0,0,0,1
33765,4674,1,0,0,0,0,0,1,0,0,0,0,0,0,0,0,0,1
33768,4674,1,0,0,0,0,0,0,0,0,1,0,0,0,0,0,0,1
33769,4674,1,0,0,0,0,0,0,0,0,1,0,0,0,0,0,0,1
33882,4674,1,0,0,0,0,0,0,0,0,0,1,0,0,1,0,0,1
33887,4674,1,0,0,0,0,0,1,0,0,0,0,0,0,0,0,0,1
33888,4674,1,0,0,0,0,0,1,0,0,0,0,0,0,0,0,0,1
33890,4674,1,0,0,0,0,0,0,0,0,1,0,0,0,0,0,0,1
33891,4674,1,0,0,0,0,0,0,0,0,1,0,0,0,0,0,0,1
36610,4674,1,0,0,0,0,0,0,0,0,0,0,1,0,0,0,0,1
36611,4674,1,0,0,0,0,0,0,0,0,0,0,1,0,0,0,0,1
36624,4674,1,0,0,0,0,0,0,0,0,0,1,0,0,1,0,0,1
36641,4674,1,0,0,0,0,0,0,0,0,0,1,0,0,1,0,0,1
36645,4674,1,0,0,0,0,0,0,1,0,0,0,0,0,0,0,0,1
36646,4674,1,0,0,0,0,0,0,1,0,0,0,0,0,0,0,0,1
36647,4674,1,0,0,0,0,0,0,1,0,0,0,0,0,0,0,0,1
36648,4674,1,0,0,0,0,0,0,1,0,0,0,0,0,0,0,0,1
36649,4674,1,0,0,0,0,0,0,1,0,0,0,0,0,0,0,0,1
36650,4674,1,0,0,0,0,0,0,1,0,0,0,0,0,0,0,0,1
36654,4674,1,0,0,0,0,0,0,0,1,0,0,0,0,0,0,0,1
36655,4674,1,0,0,0,0,0,0,0,1,0,0,0,0,0,0,0,1
36656,4674,1,0,0,0,0,0,0,0,1,0,0,0,0,0,0,0,1
36657,4674,1,0,0,0,0,0,0,0,1,0,0,0,0,0,0,0,1
36665,4674,0,1,0,0,0,0,0,0,0,0,0,0,1,0,0,0,1
36666,4674,1,0,0,0,0,0,0,0,0,0,0,0,1,0,0,0,1
36667,4674,1,0,0,0,0,0,0,0,0,0,0,0,1,0,0,0,1
36668,4674,1,0,0,0,0,0,0,0,0,0,0,0,1,0,0,0,1
36669,4674,1,0,0,0,0,0,0,0,0,0,0,0,1,0,0,1,0
36670,4674,1,0,0,0,0,0,0,0,0,0,0,0,1,0,0,1,0
36671,4674,1,0,0,0,0,0,0,0,0,0,0,0,1,0,0,1,0
36672,4674,1,0,0,0,0,0,0,0,0,0,0,0,1,0,0,1,0
36674,4674,1,0,0,0,0,0,0,0,0,0,0,0,1,0,0,1,0
36675,4674,1,0,0,0,0,0,0,0,0,0,0,0,1,0,0,1,0
36676,4674,1,0,0,0,0,0,0,0,0,0,0,0,1,0,0,1,0
36677,4674,1,0,0,0,0,0,0,0,0,0,0,0,1,0,0,1,0
36678,4674,1,0,0,0,0,0,0,0,0,0,0,0,1,0,0,1,0
36679,4674,1,0,0,0,0,0,0,0,0,0,0,0,1,0,0,1,0
36680,4674,1,0,0,0,0,0,0,0,0,0,0,0,1,0,0,1,0
36716,4674,1,0,0,0,0,0,0,0,0,0,0,1,0,0,0,0,1
36717,4674,1,0,0,0,0,0,0,0,0,0,0,1,0,0,0,0,1
36726,4674,1,0,0,0,0,0,0,0,0,0,1,0,0,1,0,0,1
36731,4674,1,0,0,0,0,0,0,1,0,0,0,0,0,0,0,0,1
36732,4674,1,0,0,0,0,0,0,1,0,0,0,0,0,0,0,0,1
36733,4674,1,0,0,0,0,0,0,1,0,0,0,0,0,0,0,0,1
36734,4674,1,0,0,0,0,0,0,1,0,0,0,0,0,0,0,0,1
36735,4674,1,0,0,0,0,0,0,1,0,0,0,0,0,0,0,0,1
36736,4674,1,0,0,0,0,0,0,1,0,0,0,0,0,0,0,0,1
36742,4674,1,0,0,0,0,0,0,0,1,0,0,0,0,0,0,0,1
36743,4674,1,0,0,0,0,0,0,0,1,0,0,0,0,0,0,0,1
36744,4674,1,0,0,0,0,0,0,0,1,0,0,0,0,0,0,0,1
36745,4674,1,0,0,0,0,0,0,0,1,0,0,0,0,0,0,0,1
36758,4674,1,0,0,0,0,0,0,0,0,0,0,0,1,0,0,0,1
36759,4674,1,0,0,0,0,0,0,0,0,0,0,0,1,0,0,0,1
36760,4674,1,0,0,0,0,0,0,0,0,0,0,0,1,0,0,1,0
36761,4674,1,0,0,0,0,0,0,0,0,0,0,0,1,0,0,1,0
36762,4674,1,0,0,0,0,0,0,0,0,0,0,0,1,0,0,1,0
36763,4674,1,0,0,0,0,0,0,0,0,0,0,0,1,0,0,1,0
36764,4674,1,0,0,0,0,0,0,0,0,0,0,0,1,0,0,1,0
36765,4674,1,0,0,0,0,0,0,0,0,0,0,0,1,0,0,1,0
36767,4674,1,0,0,0,0,0,0,0,0,0,0,0,1,0,0,1,0
36768,4674,1,0,0,0,0,0,0,0,0,0,0,0,1,0,0,1,0
36769,4674,1,0,0,0,0,0,0,0,0,0,0,0,1,0,0,1,0
36770,4674,1,0,0,0,0,0,0,0,0,0,0,0,1,0,0,1,0
36771,4674,1,0,0,0,0,0,0,0,0,0,0,0,1,0,0,1,0
36772,4674,1,0,0,0,0,0,0,0,0,0,0,0,1,0,0,1,0
36773,4674,1,0,0,0,0,0,0,0,0,0,0,0,1,0,0,1,0
36779,4674,1,0,0,0,0,0,0,0,0,0,0,1,0,0,0,0,1
36780,4674,1,0,0,0,0,0,0,0,0,0,0,1,0,0,0,0,1
37036,4674,1,0,0,0,0,0,0,0,0,0,1,0,0,1,0,0,1
37041,4674,1,0,0,0,0,0,0,1,0,0,0,0,0,0,0,0,1
37042,4674,1,0,0,0,0,0,0,1,0,0,0,0,0,0,0,0,1
37043,4674,1,0,0,0,0,0,0,1,0,0,0,0,0,0,0,0,1
37044,4674,1,0,0,0,0,0,0,1,0,0,0,0,0,0,0,0,1
37045,4674,1,0,0,0,0,0,0,1,0,0,0,0,0,0,0,0,1
37046,4674,1,0,0,0,0,0,0,1,0,0,0,0,0,0,0,0,1
37048,4674,1,0,0,0,0,0,0,0,1,0,0,0,0,0,0,0,1
37049,4674,1,0,0,0,0,0,0,0,1,0,0,0,0,0,0,0,1
37050,4674,1,0,0,0,0,0,0,0,1,0,0,0,0,0,0,0,1
37051,4674,1,0,0,0,0,0,0,0,1,0,0,0,0,0,0,0,1
37064,4674,1,0,0,0,0,0,0,0,0,0,0,0,1,0,0,0,1
37065,4674,1,0,0,0,0,0,0,0,0,0,0,0,1,0,0,0,1
37066,4674,1,0,0,0,0,0,0,0,0,0,0,0,1,0,0,1,0
37067,4674,1,0,0,0,0,0,0,0,0,0,0,0,1,0,0,1,0
37068,4674,1,0,0,0,0,0,0,0,0,0,0,0,1,0,0,1,0
37069,4674,1,0,0,0,0,0,0,0,0,0,0,0,1,0,0,1,0
37070,4674,1,0,0,0,0,0,0,0,0,0,0,0,1,0,0,1,0
37071,4674,1,0,0,0,0,0,0,0,0,0,0,0,1,0,0,1,0
37073,4674,1,0,0,0,0,0,0,0,0,0,0,0,1,0,0,1,0
37074,4674,1,0,0,0,0,0,0,0,0,0,0,0,1,0,0,1,0
37075,4674,1,0,0,0,0,0,0,0,0,0,0,0,1,0,0,1,0
37076,4674,1,0,0,0,0,0,0,0,0,0,0,0,1,0,0,1,0
37077,4674,1,0,0,0,0,0,0,0,0,0,0,0,1,0,0,1,0
37078,4674,1,0,0,0,0,0,0,0,0,0,0,0,1,0,0,1,0
37079,4674,1,0,0,0,0,0,0,0,0,0,0,0,1,0,0,1,0
37083,4674,1,0,0,0,0,0,0,0,0,0,0,1,0,0,0,0,1
37084,4674,1,0,0,0,0,0,0,0,0,0,0,1,0,0,0,0,1
40192,4674,0,1,0,0,0,0,0,0,0,0,1,0,0,0,0,0,1
40193,4674,0,1,0,0,0,0,0,0,0,0,1,0,0,1,0,0,1
40197,4674,0,1,0,0,0,0,1,0,0,0,0,0,0,0,0,0,1
40198,4674,0,1,0,0,0,0,1,0,0,0,0,0,0,0,0,0,1
40200,4674,0,1,0,0,0,0,1,0,0,0,0,0,0,0,0,0,1
40201,4674,0,1,0,0,0,0,1,0,0,0,0,0,0,0,0,0,1
40203,4674,0,1,0,0,0,0,1,0,0,0,0,0,0,0,0,0,1
40204,4674,0,1,0,0,0,0,1,0,0,0,0,0,0,0,0,0,1
40206,4674,0,1,0,0,0,0,1,0,0,0,0,0,0,0,0,0,1
40207,4674,0,1,0,0,0,0,1,0,0,0,0,0,0,0,0,0,1
40209,4674,0,1,0,0,0,0,1,0,0,0,0,0,0,0,0,0,1
40210,4674,0,1,0,0,0,0,1,0,0,0,0,0,0,0,0,0,1
40212,4674,0,1,0,0,0,0,1,0,0,0,0,0,0,0,0,0,1
40213,4674,0,1,0,0,0,0,1,0,0,0,0,0,0,0,0,0,1
40215,4674,0,1,0,0,0,0,1,0,0,0,0,0,0,0,0,0,1
40216,4674,0,1,0,0,0,0,1,0,0,0,0,0,0,0,0,1,0
40218,4674,0,1,0,0,0,0,1,0,0,0,0,0,0,0,0,0,1
40219,4674,0,1,0,0,0,0,1,0,0,0,0,0,0,0,0,0,1
40221,4674,0,1,0,0,0,0,1,0,0,0,0,0,0,0,0,0,1
40222,4674,0,1,0,0,0,0,1,0,0,0,0,0,0,0,0,0,1
40224,4674,0,1,0,0,0,0,1,0,0,0,0,0,0,0,0,0,1
40225,4674,0,1,0,0,0,0,1,0,0,0,0,0,0,0,0,0,1
40227,4674,0,1,0,0,0,0,0,0,0,1,0,0,0,0,0,0,1
40228,4674,0,1,0,0,0,0,0,0,0,1,0,0,0,0,0,1,0
40230,4674,0,1,0,0,0,0,0,0,0,1,0,0,0,0,0,0,1
40231,4674,0,1,0,0,0,0,0,0,0,1,0,0,0,0,0,0,1
40233,4674,0,1,0,0,0,0,0,0,0,1,0,0,0,0,0,0,1
40234,4674,0,1,0,0,0,0,0,0,0,1,0,0,0,0,0,1,0
40236,4674,0,1,0,0,0,0,0,0,0,1,0,0,0,0,0,0,1
40237,4674,0,1,0,0,0,0,0,0,0,1,0,0,0,0,0,0,1
40239,4674,0,1,0,0,0,0,0,0,0,1,0,0,0,0,0,0,1
40240,4674,0,1,0,0,0,0,0,0,0,1,0,0,0,0,0,0,1
40242,4674,0,1,0,0,0,0,0,0,0,1,0,0,0,0,0,0,1
40243,4674,0,1,0,0,0,0,0,0,0,1,0,0,0,0,0,0,1
40245,4674,0,1,0,0,0,0,0,0,0,1,0,0,0,0,0,0,1
40246,4674,0,1,0,0,0,0,0,0,0,1,0,0,0,0,0,0,1
40248,4674,0,1,0,0,0,0,0,0,0,1,0,0,0,0,0,0,1
40249,4674,0,1,0,0,0,0,0,0,0,1,0,0,0,0,0,0,1
40251,4674,0,1,0,0,0,0,0,0,0,1,0,0,0,0,0,0,1
40252,4674,0,1,0,0,0,0,0,0,0,1,0,0,0,0,0,0,1
40254,4674,0,1,0,0,0,0,0,0,0,1,0,0,0,0,0,0,1
40255,4674,0,1,0,0,0,0,0,0,0,1,0,0,0,0,0,0,1
40268,4674,0,1,0,0,0,0,0,0,0,0,1,0,0,1,1,0,0
40288,4674,0,1,0,0,0,0,0,0,0,0,1,0,0,0,0,0,1
40289,4674,0,1,0,0,0,0,0,0,0,0,1,0,0,1,0,0,1
40292,4674,0,1,0,0,0,0,0,0,0,0,1,0,0,0,0,0,1
40293,4674,0,1,0,0,0,0,0,0,0,0,1,0,0,1,0,0,1
40294,4674,0,1,0,0,0,0,0,0,0,0,1,0,0,1,0,0,1
40301,4674,0,1,0,0,0,0,0,0,0,0,1,0,0,0,0,0,1
40302,4674,0,1,0,0,0,0,0,0,0,0,1,0,0,1,0,0,1
40446,4674,0,1,0,0,0,0,0,0,0,0,1,0,0,0,0,0,1
40447,4674,0,1,0,0,0,0,0,0,0,0,1,0,0,1,0,0,1
40451,4674,0,1,0,0,0,0,1,0,0,0,0,0,0,0,0,0,1
40452,4674,0,1,0,0,0,0,1,0,0,0,0,0,0,0,0,0,1
40454,4674,0,1,0,0,0,0,0,0,0,1,0,0,0,0,0,0,1
40455,4674,0,1,0,0,0,0,0,0,0,1,0,0,0,0,0,0,1
40456,4674,0,1,0,0,0,0,0,0,0,0,1,0,0,0,0,0,1
40457,4674,0,1,0,0,0,0,0,0,0,0,1,0,0,1,0,0,1
40458,4674,0,1,0,0,0,0,0,0,0,0,1,0,0,1,0,0,1
40461,4674,0,1,0,0,0,0,0,0,0,0,1,0,0,0,0,0,1
40462,4674,0,1,0,0,0,0,0,0,0,0,1,0,0,1,0,0,1
40464,4674,0,1,0,0,0,0,0,0,0,1,0,0,0,0,0,0,1
40465,4674,0,1,0,0,0,0,0,0,0,1,0,0,0,0,0,0,1
40467,4674,0,1,0,0,0,0,1,0,0,0,0,0,0,0,0,0,1
40468,4674,0,1,0,0,0,0,1,0,0,0,0,0,0,0,0,0,1
40469,4674,0,1,0,0,0,0,0,0,0,0,1,0,0,0,0,0,1
40470,4674,0,1,0,0,0,0,0,0,0,0,1,0,0,1,0,0,1
40471,4674,0,1,0,0,0,0,0,0,0,0,1,0,0,1,0,0,1
40472,4674,0,1,0,0,0,0,0,0,0,0,1,0,0,0,0,0,1
40473,4674,0,1,0,0,0,0,0,0,0,0,1,0,0,1,0,0,1
40475,4674,0,1,0,0,0,0,1,0,0,0,0,0,0,0,0,0,1
40476,4674,0,1,0,0,0,0,1,0,0,0,0,0,0,0,0,0,1
40478,4674,0,1,0,0,0,0,0,0,0,1,0,0,0,0,0,0,1
40479,4674,0,1,0,0,0,0,0,0,0,1,0,0,0,0,0,0,1
40480,4674,0,1,0,0,0,0,0,0,0,0,1,0,0,0,0,0,1
40481,4674,0,1,0,0,0,0,0,0,0,0,1,0,0,1,0,0,1
40482,4674,0,1,0,0,0,0,0,0,0,0,1,0,0,1,0,0,1
40483,4674,0,1,0,0,0,0,0,0,0,0,1,0,0,0,0,0,1
40484,4674,0,1,0,0,0,0,0,0,0,0,1,0,0,1,0,0,1
40486,4674,0,1,0,0,0,0,0,0,0,1,0,0,0,0,0,0,1
40487,4674,0,1,0,0,0,0,0,0,0,1,0,0,0,0,0,0,1
40489,4674,0,1,0,0,0,0,1,0,0,0,0,0,0,0,0,0,1
40490,4674,0,1,0,0,0,0,1,0,0,0,0,0,0,0,0,0,1
40491,4674,0,1,0,0,0,0,0,0,0,0,1,0,0,0,0,0,1
40492,4674,0,1,0,0,0,0,0,0,0,0,1,0,0,1,0,0,1
40493,4674,0,1,0,0,0,0,0,0,0,0,1,0,0,1,0,0,1
40494,4674,0,1,0,0,0,0,0,0,0,0,1,0,0,0,0,0,1
40495,4674,0,1,0,0,0,0,0,0,0,0,1,0,0,1,0,0,1
40497,4674,0,1,0,0,0,0,1,0,0,0,0,0,0,0,0,0,1
40498,4674,0,1,0,0,0,0,1,0,0,0,0,0,0,0,0,0,1
40500,4674,0,1,0,0,0,0,0,0,0,1,0,0,0,0,0,0,1
40501,4674,0,1,0,0,0,0,0,0,0,1,0,0,0,0,0,0,1
40502,4674,0,1,0,0,0,0,0,0,0,0,1,0,0,0,0,0,1
40503,4674,0,1,0,0,0,0,0,0,0,0,1,0,0,1,0,0,1
40504,4674,0,1,0,0,0,0,0,0,0,0,1,0,0,1,0,0,1
41561,4674,0,1,0,0,0,0,0,0,0,1,0,0,0,0,0,0,1
41562,4674,0,1,0,0,0,0,0,0,0,1,0,0,0,0,0,0,1
41564,4674,0,1,0,0,0,0,0,0,0,1,0,0,0,0,0,0,1
41565,4674,0,1,0,0,0,0,0,0,0,1,0,0,0,0,0,0,1
41567,4674,0,1,0,0,0,0,0,0,0,1,0,0,0,0,0,0,1
41568,4674,0,1,0,0,0,0,0,0,0,1,0,0,0,0,0,0,1
41570,4674,0,1,0,0,0,0,0,0,0,1,0,0,0,0,0,0,1
41571,4674,0,1,0,0,0,0,0,0,0,1,0,0,0,0,0,0,1
41573,4674,0,1,0,0,0,0,0,0,0,1,0,0,0,0,0,0,1
41574,4674,0,1,0,0,0,0,0,0,0,1,0,0,0,0,0,0,1
41576,4674,0,1,0,0,0,0,0,0,0,1,0,0,0,0,0,0,1
41577,4674,0,1,0,0,0,0,0,0,0,1,0,0,0,0,0,0,1
41579,4674,0,1,0,0,0,0,0,0,0,1,0,0,0,0,0,0,1
41580,4674,0,1,0,0,0,0,0,0,0,1,0,0,0,0,0,0,1
41582,4674,0,1,0,0,0,0,0,0,0,1,0,0,0,0,0,0,1
41583,4674,0,1,0,0,0,0,0,0,0,1,0,0,0,0,0,0,1
41585,4674,0,1,0,0,0,0,0,0,0,1,0,0,0,0,0,0,1
41586,4674,0,1,0,0,0,0,0,0,0,1,0,0,0,0,0,0,1
41588,4674,0,1,0,0,0,0,0,0,0,1,0,0,0,0,0,0,1
41589,4674,0,1,0,0,0,0,0,0,0,1,0,0,0,0,0,0,1
41591,4674,0,1,0,0,0,0,0,0,0,1,0,0,0,0,0,0,1
41592,4674,0,1,0,0,0,0,0,0,0,1,0,0,0,0,0,0,1
41594,4674,0,1,0,0,0,0,0,0,0,1,0,0,0,0,0,0,1
41595,4674,0,1,0,0,0,0,0,0,0,1,0,0,0,0,0,0,1
41597,4674,0,1,0,0,0,0,0,0,0,1,0,0,0,0,0,0,1
41598,4674,0,1,0,0,0,0,0,0,0,1,0,0,0,0,0,0,1
41600,4674,0,1,0,0,0,0,0,0,0,1,0,0,0,0,0,0,1
41601,4674,0,1,0,0,0,0,0,0,0,1,0,0,0,0,0,0,1
41603,4674,0,1,0,0,0,0,0,0,0,1,0,0,0,0,0,0,1
41604,4674,0,1,0,0,0,0,0,0,0,1,0,0,0,0,0,0,1
41606,4674,0,1,0,0,0,0,0,0,0,1,0,0,0,0,0,0,1
41607,4674,0,1,0,0,0,0,0,0,0,1,0,0,0,0,0,0,1
41609,4674,0,1,0,0,0,0,0,0,0,1,0,0,0,0,0,0,1
41610,4674,0,1,0,0,0,0,0,0,0,1,0,0,0,0,0,0,1
41612,4674,0,1,0,0,0,0,0,0,0,1,0,0,0,0,0,0,1
41613,4674,0,1,0,0,0,0,0,0,0,1,0,0,0,0,0,0,1
41615,4674,0,1,0,0,0,0,0,0,0,1,0,0,0,0,0,0,1
41616,4674,0,1,0,0,0,0,0,0,0,1,0,0,0,0,0,0,1
41618,4674,0,1,0,0,0,0,0,0,0,1,0,0,0,0,0,0,1
41619,4674,0,1,0,0,0,0,0,0,0,1,0,0,0,0,0,0,1
41621,4674,0,1,0,0,0,0,0,0,0,1,0,0,0,0,0,0,1
41622,4674,0,1,0,0,0,0,0,0,0,1,0,0,0,0,0,0,1
41624,4674,0,1,0,0,0,0,0,0,0,1,0,0,0,0,0,0,1
41625,4674,0,1,0,0,0,0,0,0,0,1,0,0,0,0,0,0,1
41627,4674,0,1,0,0,0,0,0,0,0,1,0,0,0,0,0,0,1
41628,4674,0,1,0,0,0,0,0,0,0,1,0,0,0,0,0,0,1
41630,4674,0,1,0,0,0,0,0,0,0,1,0,0,0,0,0,0,1
41631,4674,0,1,0,0,0,0,0,0,0,1,0,0,0,0,0,0,1
41633,4674,0,1,0,0,0,0,0,0,0,1,0,0,0,0,0,0,1
41634,4674,0,1,0,0,0,0,0,0,0,1,0,0,0,0,0,0,1
41636,4674,0,1,0,0,0,0,0,0,0,1,0,0,0,0,0,0,1
41637,4674,0,1,0,0,0,0,0,0,0,1,0,0,0,0,0,0,1
41639,4674,0,1,0,0,0,0,0,0,0,1,0,0,0,0,0,0,1
41640,4674,0,1,0,0,0,0,0,0,0,1,0,0,0,0,0,0,1
41642,4674,0,1,0,0,0,0,0,0,0,1,0,0,0,0,0,0,1
41643,4674,0,1,0,0,0,0,0,0,0,1,0,0,0,0,0,0,1
41645,4674,0,1,0,0,0,0,0,0,0,1,0,0,0,0,0,0,1
41646,4674,0,1,0,0,0,0,0,0,0,1,0,0,0,0,0,0,1
41648,4674,0,1,0,0,0,0,0,0,0,1,0,0,0,0,0,0,1
41649,4674,0,1,0,0,0,0,0,0,0,1,0,0,0,0,0,0,1
41651,4674,0,1,0,0,0,0,0,0,0,1,0,0,0,0,0,0,1
41652,4674,0,1,0,0,0,0,0,0,0,1,0,0,0,0,0,0,1
41654,4674,0,1,0,0,0,0,0,0,0,1,0,0,0,0,0,0,1
41655,4674,0,1,0,0,0,0,0,0,0,1,0,0,0,0,0,0,1
41657,4674,0,1,0,0,0,0,0,0,0,1,0,0,0,0,0,0,1
41658,4674,0,1,0,0,0,0,0,0,0,1,0,0,0,0,0,0,1
41660,4674,0,1,0,0,0,0,0,0,0,1,0,0,0,0,0,0,1
41661,4674,0,1,0,0,0,0,0,0,0,1,0,0,0,0,0,0,1
41663,4674,0,1,0,0,0,0,0,0,0,1,0,0,0,0,0,0,1
41664,4674,0,1,0,0,0,0,0,0,0,1,0,0,0,0,0,0,1
41666,4674,0,1,0,0,0,0,0,0,0,1,0,0,0,0,0,0,1
41667,4674,0,1,0,0,0,0,0,0,0,1,0,0,0,0,0,0,1
41669,4674,0,1,0,0,0,0,0,0,0,1,0,0,0,0,0,0,1
41670,4674,0,1,0,0,0,0,0,0,0,1,0,0,0,0,0,0,1
41672,4674,0,1,0,0,0,0,0,0,0,1,0,0,0,0,0,0,1
41673,4674,0,1,0,0,0,0,0,0,0,1,0,0,0,0,0,0,1
41675,4674,0,1,0,0,0,0,0,0,0,1,0,0,0,0,0,0,1
41676,4674,0,1,0,0,0,0,0,0,0,1,0,0,0,0,0,0,1
41678,4674,0,1,0,0,0,0,0,0,0,1,0,0,0,0,0,0,1
41679,4674,0,1,0,0,0,0,0,0,0,1,0,0,0,0,0,0,1
41681,4674,0,1,0,0,0,0,0,0,0,1,0,0,0,0,0,0,1
41682,4674,0,1,0,0,0,0,0,0,0,1,0,0,0,0,0,0,1
41684,4674,0,1,0,0,0,0,0,0,0,1,0,0,0,0,0,0,1
41685,4674,0,1,0,0,0,0,0,0,0,1,0,0,0,0,0,0,1
41687,4674,0,1,0,0,0,0,0,0,0,1,0,0,0,0,0,0,1
41688,4674,0,1,0,0,0,0,0,0,0,1,0,0,0,0,0,0,1
41690,4674,0,1,0,0,0,0,0,0,0,1,0,0,0,0,0,0,1
41691,4674,0,1,0,0,0,0,0,0,0,1,0,0,0,0,0,0,1
41693,4674,0,1,0,0,0,0,0,0,0,1,0,0,0,0,0,0,1
41694,4674,0,1,0,0,0,0,0,0,0,1,0,0,0,0,0,0,1
41696,4674,0,1,0,0,0,0,0,0,0,1,0,0,0,0,0,0,1
41697,4674,0,1,0,0,0,0,0,0,0,1,0,0,0,0,0,0,1
41699,4674,0,1,0,0,0,0,0,0,0,1,0,0,0,0,0,0,1
41700,4674,0,1,0,0,0,0,0,0,0,1,0,0,0,0,0,0,1
41702,4674,0,1,0,0,0,0,0,0,0,1,0,0,0,0,0,0,1
41703,4674,0,1,0,0,0,0,0,0,0,1,0,0,0,0,0,0,1
41705,4674,0,1,0,0,0,0,0,0,0,1,0,0,0,0,0,0,1
41706,4674,0,1,0,0,0,0,0,0,0,1,0,0,0,0,0,0,1
41708,4674,0,1,0,0,0,0,0,0,0,1,0,0,0,0,0,0,1
41709,4674,0,1,0,0,0,0,0,0,0,1,0,0,0,0,0,0,1
41711,4674,0,1,0,0,0,0,0,0,0,1,0,0,0,0,0,0,1
41712,4674,0,1,0,0,0,0,0,0,0,1,0,0,0,0,0,0,1
41714,4674,0,1,0,0,0,0,0,0,0,1,0,0,0,0,0,0,1
41715,4674,0,1,0,0,0,0,0,0,0,1,0,0,0,0,0,0,1
41717,4674,0,1,0,0,0,0,0,0,0,1,0,0,0,0,0,0,1
41718,4674,0,1,0,0,0,0,0,0,0,1,0,0,0,0,0,0,1
41720,4674,0,1,0,0,0,0,0,0,0,1,0,0,0,0,0,0,1
41721,4674,0,1,0,0,0,0,0,0,0,1,0,0,0,0,0,0,1
41723,4674,0,1,0,0,0,0,0,0,0,1,0,0,0,0,0,0,1
41724,4674,0,1,0,0,0,0,0,0,0,1,0,0,0,0,0,0,1
41726,4674,0,1,0,0,0,0,0,0,0,1,0,0,0,0,0,0,1
41727,4674,0,1,0,0,0,0,0,0,0,1,0,0,0,0,0,0,1
41729,4674,0,1,0,0,0,0,0,0,0,1,0,0,0,0,0,0,1
41730,4674,0,1,0,0,0,0,0,0,0,1,0,0,0,0,0,0,1
41732,4674,0,1,0,0,0,0,0,0,0,1,0,0,0,0,0,0,1
41733,4674,0,1,0,0,0,0,0,0,0,1,0,0,0,0,0,0,1
41735,4674,0,1,0,0,0,0,0,0,0,1,0,0,0,0,0,0,1
41736,4674,0,1,0,0,0,0,0,0,0,1,0,0,0,0,0,0,1
41738,4674,0,1,0,0,0,0,0,0,0,1,0,0,0,0,0,0,1
41739,4674,0,1,0,0,0,0,0,0,0,1,0,0,0,0,0,0,1
41741,4674,0,1,0,0,0,0,0,0,0,1,0,0,0,0,0,0,1
41742,4674,0,1,0,0,0,0,0,0,0,1,0,0,0,0,0,0,1
41744,4674,0,1,0,0,0,0,0,0,0,1,0,0,0,0,0,0,1
41745,4674,0,1,0,0,0,0,0,0,0,1,0,0,0,0,0,0,1
41747,4674,0,1,0,0,0,0,0,0,0,1,0,0,0,0,0,0,1
41748,4674,0,1,0,0,0,0,0,0,0,1,0,0,0,0,0,0,1
41750,4674,0,1,0,0,0,0,0,0,0,1,0,0,0,0,0,0,1
41751,4674,0,1,0,0,0,0,0,0,0,1,0,0,0,0,0,0,1
41753,4674,0,1,0,0,0,0,0,0,0,1,0,0,0,0,0,0,1
41754,4674,0,1,0,0,0,0,0,0,0,1,0,0,0,0,0,0,1
41756,4674,0,1,0,0,0,0,0,0,0,1,0,0,0,0,0,0,1
41757,4674,0,1,0,0,0,0,0,0,0,1,0,0,0,0,0,0,1
41759,4674,0,1,0,0,0,0,0,0,0,1,0,0,0,0,0,0,1
41760,4674,0,1,0,0,0,0,0,0,0,1,0,0,0,0,0,0,1
41762,4674,0,1,0,0,0,0,0,0,0,1,0,0,0,0,0,0,1
41763,4674,0,1,0,0,0,0,0,0,0,1,0,0,0,0,0,0,1
41765,4674,0,1,0,0,0,0,0,0,0,1,0,0,0,0,0,0,1
41766,4674,0,1,0,0,0,0,0,0,0,1,0,0,0,0,0,0,1
41768,4674,0,1,0,0,0,0,0,0,0,1,0,0,0,0,0,0,1
41769,4674,0,1,0,0,0,0,0,0,0,1,0,0,0,0,0,0,1
41771,4674,0,1,0,0,0,0,0,0,0,1,0,0,0,0,0,0,1
41772,4674,0,1,0,0,0,0,0,0,0,1,0,0,0,0,0,0,1
41774,4674,0,1,0,0,0,0,0,0,0,1,0,0,0,0,0,0,1
41775,4674,0,1,0,0,0,0,0,0,0,1,0,0,0,0,0,0,1
41777,4674,0,1,0,0,0,0,0,0,0,1,0,0,0,0,0,0,1
41778,4674,0,1,0,0,0,0,0,0,0,1,0,0,0,0,0,0,1
41780,4674,0,1,0,0,0,0,0,0,0,1,0,0,0,0,0,0,1
41781,4674,0,1,0,0,0,0,0,0,0,1,0,0,0,0,0,0,1
41783,4674,0,1,0,0,0,0,0,0,0,1,0,0,0,0,0,0,1
41784,4674,0,1,0,0,0,0,0,0,0,1,0,0,0,0,0,0,1
41786,4674,0,1,0,0,0,0,0,0,0,1,0,0,0,0,0,0,1
41787,4674,0,1,0,0,0,0,0,0,0,1,0,0,0,0,0,0,1
41789,4674,0,1,0,0,0,0,0,0,0,1,0,0,0,0,0,0,1
41790,4674,0,1,0,0,0,0,0,0,0,1,0,0,0,0,0,0,1
41792,4674,0,1,0,0,0,0,0,0,0,1,0,0,0,0,0,0,1
41793,4674,0,1,0,0,0,0,0,0,0,1,0,0,0,0,0,0,1
41795,4674,0,1,0,0,0,0,0,0,0,1,0,0,0,0,0,0,1
41796,4674,0,1,0,0,0,0,0,0,0,1,0,0,0,0,0,0,1
41798,4674,0,1,0,0,0,0,0,0,0,1,0,0,0,0,0,0,1
41799,4674,0,1,0,0,0,0,0,0,0,1,0,0,0,0,0,0,1
41801,4674,0,1,0,0,0,0,0,0,0,1,0,0,0,0,0,0,1
41802,4674,0,1,0,0,0,0,0,0,0,1,0,0,0,0,0,0,1
41804,4674,0,1,0,0,0,0,0,0,0,1,0,0,0,0,0,0,1
41805,4674,0,1,0,0,0,0,0,0,0,1,0,0,0,0,0,0,1
41807,4674,0,1,0,0,0,0,0,0,0,1,0,0,0,0,0,0,1
41808,4674,0,1,0,0,0,0,0,0,0,1,0,0,0,0,0,0,1
41810,4674,0,1,0,0,0,0,0,0,0,1,0,0,0,0,0,0,1
41811,4674,0,1,0,0,0,0,0,0,0,1,0,0,0,0,0,0,1
41813,4674,0,1,0,0,0,0,0,0,0,1,0,0,0,0,0,0,1
41814,4674,0,1,0,0,0,0,0,0,0,1,0,0,0,0,0,0,1
41816,4674,0,1,0,0,0,0,0,0,0,1,0,0,0,0,0,0,1
41817,4674,0,1,0,0,0,0,0,0,0,1,0,0,0,0,0,0,1
41819,4674,0,1,0,0,0,0,0,0,0,1,0,0,0,0,0,0,1
41820,4674,0,1,0,0,0,0,0,0,0,1,0,0,0,0,0,0,1
41822,4674,0,1,0,0,0,0,0,0,0,1,0,0,0,0,0,0,1
41823,4674,0,1,0,0,0,0,0,0,0,1,0,0,0,0,0,0,1
41825,4674,0,1,0,0,0,0,0,0,0,1,0,0,0,0,0,0,1
41826,4674,0,1,0,0,0,0,0,0,0,1,0,0,0,0,0,0,1
41828,4674,0,1,0,0,0,0,0,0,0,1,0,0,0,0,0,0,1
41829,4674,0,1,0,0,0,0,0,0,0,1,0,0,0,0,0,0,1
41831,4674,0,1,0,0,0,0,0,0,0,1,0,0,0,0,0,0,1
41832,4674,0,1,0,0,0,0,0,0,0,1,0,0,0,0,0,0,1
41834,4674,0,1,0,0,0,0,0,0,0,1,0,0,0,0,0,0,1
41835,4674,0,1,0,0,0,0,0,0,0,1,0,0,0,0,0,0,1
41837,4674,0,1,0,0,0,0,0,0,0,1,0,0,0,0,0,0,1
41838,4674,0,1,0,0,0,0,0,0,0,1,0,0,0,0,0,0,1
41840,4674,0,1,0,0,0,0,0,0,0,1,0,0,0,0,0,0,1
41841,4674,0,1,0,0,0,0,0,0,0,1,0,0,0,0,0,0,1
41843,4674,0,1,0,0,0,0,0,0,0,1,0,0,0,0,0,0,1
41844,4674,0,1,0,0,0,0,0,0,0,1,0,0,0,0,0,0,1
41846,4674,0,1,0,0,0,0,0,0,0,1,0,0,0,0,0,0,1
41847,4674,0,1,0,0,0,0,0,0,0,1,0,0,0,0,0,0,1
41849,4674,0,1,0,0,0,0,0,0,0,1,0,0,0,0,0,0,1
41850,4674,0,1,0,0,0,0,0,0,0,1,0,0,0,0,0,0,1
41852,4674,0,1,0,0,0,0,0,0,0,1,0,0,0,0,0,0,1
41853,4674,0,1,0,0,0,0,0,0,0,1,0,0,0,0,0,0,1
41855,4674,0,1,0,0,0,0,0,0,0,1,0,0,0,0,0,0,1
41856,4674,0,1,0,0,0,0,0,0,0,1,0,0,0,0,0,0,1
41858,4674,0,1,0,0,0,0,0,0,0,1,0,0,0,0,0,0,1
41859,4674,0,1,0,0,0,0,0,0,0,1,0,0,0,0,0,0,1
41861,4674,0,1,0,0,0,0,0,0,0,1,0,0,0,0,0,0,1
41862,4674,0,1,0,0,0,0,0,0,0,1,0,0,0,0,0,0,1
41864,4674,0,1,0,0,0,0,0,0,0,1,0,0,0,0,0,0,1
41865,4674,0,1,0,0,0,0,0,0,0,1,0,0,0,0,0,0,1
41867,4674,0,1,0,0,0,0,0,0,0,1,0,0,0,0,0,0,1
41868,4674,0,1,0,0,0,0,0,0,0,1,0,0,0,0,0,0,1
41870,4674,0,1,0,0,0,0,0,0,0,1,0,0,0,0,0,0,1
41871,4674,0,1,0,0,0,0,0,0,0,1,0,0,0,0,0,0,1
41873,4674,0,1,0,0,0,0,0,0,0,1,0,0,0,0,0,0,1
41874,4674,0,1,0,0,0,0,0,0,0,1,0,0,0,0,0,0,1
41876,4674,0,1,0,0,0,0,0,0,0,1,0,0,0,0,0,0,1
41877,4674,0,1,0,0,0,0,0,0,0,1,0,0,0,0,0,0,1
41879,4674,0,1,0,0,0,0,0,0,0,1,0,0,0,0,0,0,1
41880,4674,0,1,0,0,0,0,0,0,0,1,0,0,0,0,0,0,1
41882,4674,0,1,0,0,0,0,0,0,0,1,0,0,0,0,0,0,1
41883,4674,0,1,0,0,0,0,0,0,0,1,0,0,0,0,0,0,1
41885,4674,0,1,0,0,0,0,0,0,0,1,0,0,0,0,0,0,1
41886,4674,0,1,0,0,0,0,0,0,0,1,0,0,0,0,0,0,1
41888,4674,0,1,0,0,0,0,0,0,0,1,0,0,0,0,0,0,1
41889,4674,0,1,0,0,0,0,0,0,0,1,0,0,0,0,0,0,1
41891,4674,0,1,0,0,0,0,0,0,0,1,0,0,0,0,0,0,1
41892,4674,0,1,0,0,0,0,0,0,0,1,0,0,0,0,0,0,1
41894,4674,0,1,0,0,0,0,0,0,0,1,0,0,0,0,0,0,1
41895,4674,0,1,0,0,0,0,0,0,0,1,0,0,0,0,0,0,1
41897,4674,0,1,0,0,0,0,0,0,0,1,0,0,0,0,0,0,1
41898,4674,0,1,0,0,0,0,0,0,0,1,0,0,0,0,0,0,1
41900,4674,0,1,0,0,0,0,0,0,0,1,0,0,0,0,0,0,1
41901,4674,0,1,0,0,0,0,0,0,0,1,0,0,0,0,0,0,1
41903,4674,0,1,0,0,0,0,0,0,0,1,0,0,0,0,0,0,1
41904,4674,0,1,0,0,0,0,0,0,0,1,0,0,0,0,0,0,1
41906,4674,0,1,0,0,0,0,0,0,0,1,0,0,0,0,0,0,1
41907,4674,0,1,0,0,0,0,0,0,0,1,0,0,0,0,0,0,1
41909,4674,0,1,0,0,0,0,0,0,0,1,0,0,0,0,0,0,1
41910,4674,0,1,0,0,0,0,0,0,0,1,0,0,0,0,0,0,1
41912,4674,0,1,0,0,0,0,0,0,0,1,0,0,0,0,0,0,1
41913,4674,0,1,0,0,0,0,0,0,0,1,0,0,0,0,0,0,1
41915,4674,0,1,0,0,0,0,0,0,0,1,0,0,0,0,0,0,1
41916,4674,0,1,0,0,0,0,0,0,0,1,0,0,0,0,0,0,1
41918,4674,0,1,0,0,0,0,0,0,0,1,0,0,0,0,0,0,1
41919,4674,0,1,0,0,0,0,0,0,0,1,0,0,0,0,0,0,1
41921,4674,0,1,0,0,0,1,0,0,0,0,0,0,0,0,0,1,0
